Cloris,Ibell
Roana,Sweedland
Perice,Kitney
Revkah,Shallo
Siegfried,Perrat
Anthea,Shoutt
Dacy,Power
Fedora,Rikard
Gerri,Lacaze
Florida,Collyer
Cathy,Van der Brugge
Sig,McQuillan
Anabelle,Wagg
Etienne,Allardyce
Aldridge,Nesby
Adda,Kincla
Orelia,Crudgington
Veda,Petters
Godfree,Halleybone
Casi,Baynom
Caryl,St. Clair
Chadd,Bedin
Chrystel,Marcussen
Kati,Dyble
Even,Donnersberg
Danielle,Treadway
Dame,Gossage
Theresita,Vinick
Lucian,Burr
Julianne,Lemon
Jasmin,Gregoire
Daile,Sollars
Rebeka,Lafayette
Kayle,Fontanet
Zelma,Danilovitch
Marylynne,Lartice
Valaria,Micco
Marney,Mullin
Delaney,Osbourne
Tod,Sictornes
Angelica,Brackenridge
Geri,Berthomieu
Belicia,Scourge
Burton,Fern
Erna,Arnold
Radcliffe,Brightman
Brennan,Pichan
Kalindi,Sweetman
Tito,De Andisie
Brandie,Junkin
Kristofor,Borman
Aubrette,Toopin
Benny,Blenkinship
Averil,Mudd
Anjela,Scriven
Stella,Boswood
Tomasine,Maciak
Sheree,Acaster
Sal,Robertson
Bogey,Congdon
Berry,Pendlebery
Beck,Griffitt
Sebastiano,Huxton
Vito,Cuesta
Ricky,Arrighi
Stefanie,Riquet
Sybila,Drinkale
Berry,Meneyer
Etty,Early
Wake,Dearell
Burke,O'Sharkey
Neron,Lamball
Cindra,Swanborrow
Broddy,Toman
Maddalena,Dainter
Esme,Billington
Emmeline,Beaulieu
Fidole,Haugen
Odey,Broseman
Berke,Phillot
Tomkin,Dominighi
Patricia,Dominici
Ania,Thatcham
Bengt,Dobrovsky
Alberto,Bertolin
Holly,Brimfield
Ninon,Hofer
Ernie,Housley
Tait,Youthead
Ira,Bobasch
Felice,Scimonelli
Kathleen,Tuckey
Vanya,Wardrop
Tremaine,Valler
Fabiano,Chapple
Jarvis,Domingues
Angelina,Ollett
Reed,Devenny
Harper,Rosie
Henrik,Boud
